Store Code,City,District,Region,Latitude,Longitude,,,,,,,,,,,,,
1901,Jeddah,Muraikh,Jeddah,21.54157963,39.28857135,,,,,,,,,,,,,
1902,Madina,Al-Azhari,Medina,24.49439741,39.58571969,,,,,,,,,,,,,
1903,Makkah,Al-Buhayrat,Makkah,21.47784853,39.78894436,,,,,,,,,,,,,
1904,Jeddah,Mishrifah,Jeddah,21.53603088,39.19790569,,,,,,,,,,,,,
1905,Madina,Al-Jarf,Madina,24.51190188,39.56648833,,,,,,,,,,,,,
1906,Makkah,Al-Shoqiyah,Makkah,21.38419698,39.7872222,,,,,,,,,,,,,
1907,Jeddah,Al-Safa,Jeddah,21.57033288,39.22095509,,,,,,,,,,,,,
9021,Makkah,Al-Hijrah,Makkah,21.3836533,39.83244823,,,,,,,,,,,,,
1909,Makkah,Al-Taniem,Makkah,21.51204363,39.78008203,,,,,,,,,,,,,
1910,Makkah,Al-Haram,Makkah,21.41643551,39.82803766,,,,,,,,,,,,,
1911,Makkah,Al-Sharaie,Makkah,21.46336763,39.95501025,,,,,,,,,,,,,
1912,Namerah,Al-Ardiyat Al-Shamaliyah,Namerah,19.58045954,41.66530412,,,,,,,,,,,,,
9024,Makkah,Al-Umrah Al-Jadidah,Makkah,21.55810991,39.77554242,,,,,,,,,,,,,
1914,Madina,Al-Kordi,Medina,24.48026565,39.59364014,,,,,,,,,,,,,
1915,Jeddah,Al-Balad,Jeddah,21.48210504,39.18338641,,,,,,,,,,,,,
1916,Khamis Meshiet,Al-Mousa,Khamis Meshiet,18.32868147,42.77759867,,,,,,,,,,,,,
1917,Jeddah,Al-Ruwais,Jeddah,21.51507527,39.17206265,,,,,,,,,,,,,
1918,Jeddah,Al-Rawdah,Jeddah,21.57157271,39.15851486,,,,,,,,,,,,,
1919,Madina,Al-Aziziah,Madina,24.45785518,39.53824054,,,,,,,,,,,,,
1920,Jeddah,Al-Sheraa,Jeddah,21.77962755,39.10053213,,,,,,,,,,,,,
1921,Taif,Al-Arfaa,Taif,21.52880732,40.60956879,,,,,,,,,,,,,
1922,Jeddah,Al-Balad,Jeddah,21.48507927,39.18352851,,,,,,,,,,,,,
9027,Makkah,Al-Jamiah,Makkah,21.40285518,39.87563882,,,,,,,,,,,,,
9031,Makkah,Al-Sloqiyah,Makkah,21.36685827,39.79442524,,,,,,,,,,,,,
1925,Khamis Meshiet,Al-Runah,Khamis Meshiet,18.22446429,42.80187601,,,,,,,,,,,,,
1926,Makkah,Al-Awali,Makkah,21.35198772,39.90772439,,,,,,,,,,,,,
1927,Makkah,Al-Shuhada,Makkah,21.46025302,39.80989216,,,,,,,,,,,,,
1928,Jeddah,Taiba,Jeddah,21.80224284,39.14574536,,,,,,,,,,,,,
1929,Jeddah,Al-Sharafyah,Jeddah,21.51311295,39.18908779,,,,,,,,,,,,,
9061,Taif,Al-Naseem,Taif,21.26742112,40.45646676,,,,,,,,,,,,,
1931,Jeddah,Quwaizah,Jeddah,21.49788684,39.26549311,,,,,,,,,,,,,
1932,Madina,Al-Sokya,Madina,24.46600579,39.59775634,,,,,,,,,,,,,
1933,Jeddah,Al-Suhaifah,Jeddah,21.48730678,39.19061832,,,,,,,,,,,,,
1934,Madina,Bani Muawiyah,Madina,24.47314618,39.62726073,,,,,,,,,,,,,
1935,Riyadh,Namar,Riyadh,24.56619304,46.6851628,,,,,,,,,,,,,
1936,Jeddah,Al-Azizyah,Jeddah,21.55737366,39.18024409,,,,,,,,,,,,,
1937,Jeddah,Al-Safa,Jeddah,21.58383207,39.21631399,,,,,,,,,,,,,
1938,Jeddah,Meshrefah,Jeddah,21.54091001,39.19637079,,,,,,,,,,,,,
1939,Jeddah,Al-Rabwah,Jeddah,21.59347635,39.18667356,,,,,,,,,,,,,
1940,Makkah,Al-Rashidiyyah,Makkah,21.46559173,39.96045007,,,,,,,,,,,,,
9063,Makkah,Waly alahd,Makkah,21.31675016,39.68322619,,,,,,,,,,,,,
1942,Jeddah,Al-Safa,Jeddah,21.56598174,39.21170822,,,,,,,,,,,,,
1943,Madina,Al-Mughaisilah,Madina,24.45650294,39.60849861,,,,,,,,,,,,,
1944,Jeddah,Al-Safa,Jeddah,21.57212839,39.20984124,,,,,,,,,,,,,
1945,Taif,Al-Halaka East,Taif,21.33827768,40.45588673,,,,,,,,,,,,,
1946,Khamis Meshiet,Etoud,Khamis Meshiet,18.30339368,42.71622218,,,,,,,,,,,,,
1947,Makkah,Al-Jamiah,Makkah,21.39712621,39.87294401,,,,,,,,,,,,,
1948,Jeddah,Al-Rehab,Jeddah,21.55549239,39.21817239,,,,,,,,,,,,,
9065,Taif,Shihar,Taif,21.24212662,40.41083283,,,,,,,,,,,,,
1950,Khamis Meshiet,Al-Qafila,Khamis Meshiet,18.31674486,42.69617512,,,,,,,,,,,,,
1951,Makkah,Al-Khadra,Makkah,21.46983659,39.92919204,,,,,,,,,,,,,
1952,Riyadh,Al-Qirawan,Riyadh,24.82835814,46.57014016,,,,,,,,,,,,,
1953,Al-Khurma,Al-Rawdah,Taif,21.92270861,42.02852619,,,,,,,,,,,,,
9029,Makkah,Haram Boundary,Makkah,21.48383713,39.94141481,,,,,,,,,,,,,
1955,Makkah,Al-Sharaie,Makkah,21.49302818,39.9584745,,,,,,,,,,,,,
1956,Makkah,Al-Khalidiyyah,Makkah,21.39791479,39.79941402,,,,,,,,,,,,,
1957,Riyadh,Al-Khozama,Riyadh,24.71056836,46.61404764,,,,,,,,,,,,,
1958,Jeddah,Abruq Al-Rughamah,Jeddah,21.49888261,39.27700122,,,,,,,,,,,,,
1959,Taif,Al-Salamah,Taif,21.26982582,40.39781345,,,,,,,,,,,,,
1960,Madina,Al-Haram Al-Nabawy,Madina,24.47177942,39.61250019,,,,,,,,,,,,,
1961,Taif,Al-Faisalyah,Taif,21.2989216,40.42770962,,,,,,,,,,,,,
1962,Taif,Al-Sharafyah,Taif,21.35868485,40.42203414,,,,,,,,,,,,,
1963,Taif,Al-Halaka West,Taif,21.34786156,40.43330746,,,,,,,,,,,,,
1964,Riyadh,Al-Foutah,Riyadh,24.63815407,46.70882257,,,,,,,,,,,,,
1972,Riyadh,Al-eruja,Riyadh,24.61153826,46.63191551,,,,,,,,,,,,,
9066,Taif,Al Hawiyah,Taif,21.45121685,40.50846781,,,,,,,,,,,,,
9069,Taif,Maashi,Taif,21.27944994,40.40056268,,,,,,,,,,,,,
1968,Riyadh,Aliskan,Riyadh,24.56110846,46.84857257,,,,,,,,,,,,,
1969,Riyadh,Al-Arid,Riyadh,24.86897996,46.61879379,,,,,,,,,,,,,
1970,Khamis Meshiet,El-Raqey,Khamis Meshiet,18.32686946,42.75501596,,,,,,,,,,,,,
9070,Taif,Al-Sharafyah,Taif,21.35918785,40.42302185,,,,,,,,,,,,,
1679,Taif,Om El-Sebaa,Taif,21.24732448,40.44331295,,,,,,,,,,,,,
1973,Riyadh,Wadi Laban,Riyadh,24.62193973,46.54780173,,,,,,,,,,,,,
1974,Taif,Om El-Sebaa,Taif,21.24703384,40.44385916,,,,,,,,,,,,,
1975,Riyadh,Al-Aziziyah,Riyadh,24.56923424,46.75365104,,,,,,,,,,,,,
1976,Taif,Al-Mithnaa,Taif,21.26248644,40.39619772,,,,,,,,,,,,,
1977,Riyadh,Towaik,Riyadh,24.57932234,46.56212817,,,,,,,,,,,,,
9071,Taif,Al-Ateif,Taif,21.85595039,40.99806271,,,,,,,,,,,,,
1979,Riyadh,Al-Rawda,Riyadh,24.72991663,46.76705746,,,,,,,,,,,,,
1980,Riyadh,Al-Raed,Riyadh,24.70681091,46.62607891,,,,,,,,,,,,,
9072,Taif,Alwasit,Taif,21.46739135,40.47117294,,,,,,,,,,,,,
1982,Riyadh,Al-Moazer,Riyadh,24.67515556,46.66449366,,,,,,,,,,,,,
1983,Riyadh,Irqah,Riyadh,24.69410967,46.60594636,,,,,,,,,,,,,
9073,Taif,Al-Faisalyah,Taif,21.42077466,40.48716856,,,,,,,,,,,,,
1985,Taif,Al-Siyanah,Taif,21.33817924,40.43913451,,,,,,,,,,,,,
1986,Taif,Al-Seheily,Taif,21.28748234,40.44396941,,,,,,,,,,,,,
1987,Makkah,Al-Iskan,Makkah,21.40060331,39.78433197,,,,,,,,,,,,,
1988,Taif,Al-Ghazali,Taif,21.26527772,40.42876559,,,,,,,,,,,,,
1989,Makkah,Al-Taniem,Makkah,21.4779549,39.7932778,,,,,,,,,,,,,
1990,Dammam,Taibah,Dammam,26.36859681,50.05849954,,,,,,,,,,,,,
1991,Makkah,Al Shoqiyah,Makkah,21.39025059,39.78649464,,,,,,,,,,,,,
1992,Riyadh,Al-Mahdeya,Riyadh,24.64893631,46.50076249,,,,,,,,,,,,,
1993,Makkah,Al-Shraie,Makkah,21.45906846,39.93663834,,,,,,,,,,,,,
1994,Makkah,Al-Awali,Makkah,21.35505595,39.89167928,,,,,,,,,,,,,
9074,Taif,Al-Siyanah,Taif,21.32024203,40.43298929,,,,,,,,,,,,,
9030,Makkah,Al-Umrah Al-Jadidah,Makkah,21.55311783,39.78158692,,,,,,,,,,,,,
1997,Riyadh,Al-Waha,Riyadh,24.73714712,46.70759403,,,,,,,,,,,,,
1998,Jeddah,Al-Naseem,Jeddah,21.51670111,39.22343772,,,,,,,,,,,,,
1999,Makkah,Al-Khansa,Makkah,21.44297648,39.84708364,,,,,,,,,,,,,
1600,Jeddah,Al-Ruwais,Jeddah,21.52532802,39.16968706,,,,,,,,,,,,,
1601,Madina,Prince Naif,Madina,24.43138799,39.58254487,,,,,,,,,,,,,
1602,Jeddah,Al-Bawadi,Jeddah,21.59884549,39.16447318,,,,,,,,,,,,,
1603,Hail,Al-Nuqra,Hail,27.4731828,41.65387492,,,,,,,,,,,,,
1604,Jeddah,Al-Faisaliyyah,Jeddah,21.57214347,39.19012891,,,,,,,,,,,,,
1605,Riyadh,Al-Rabea,Riyadh,24.78816846,46.6503845,,,,,,,,,,,,,
1606,Taif,Al-Gawharah,Taif,21.42690786,40.49755083,,,,,,,,,,,,,
9078,Hail,Al-Matar,Hail,27.49869785,41.6944406,,,,,,,,,,,,,
9079,Sharora,Alfahd,Najran,17.48761378,47.10111843,,,,,,,,,,,,,
9080,Taif,Masmla,Taif,21.46835572,40.49625439,,,,,,,,,,,,,
1610,Jeddah,Al-Sharafyah,Jeddah,21.51845114,39.18893767,,,,,,,,,,,,,
1611,Makkah,Al-Rashidiyyah,Makkah,21.46102253,39.96513131,,,,,,,,,,,,,
1612,Makkah,Ajyad,Makkah,21.42008051,39.82815112,,,,,,,,,,,,,
1613,Riyadh,Hittin ,Riyadh,24.76023648,46.59947584,,,,,,,,,,,,,
1614,Jeddah,Al-Ruwais,Jeddah,21.51884971,39.17016437,,,,,,,,,,,,,
1615,Riyadh,Al-Washaam,Riyadh,24.63763457,46.69758526,,,,,,,,,,,,,
1616,Madina,Al-Arid,Madina,24.47914457,39.64628853,,,,,,,,,,,,,
1617,Madina,Bedaa,Madina,24.47145215,39.60781518,,,,,,,,,,,,,
9081,Taif,Al-Dahas,Taif,21.44721796,40.50909788,,,,,,,,,,,,,
1619,Jeddah,Al-Safa,Jeddah,21.57357201,39.21008298,,,,,,,,,,,,,
9082,Madina,Shoran,Madina,24.42009469,39.59891715,,,,,,,,,,,,,
1621,Bisha,Al-Khozama,Bisha,20.01358451,42.62132966,,,,,,,,,,,,,
1622,Taif,Shihar,Taif,21.26799123,40.41023249,,,,,,,,,,,,,
1623,Yanbu,Al-Rabea,Yanbu,24.07440669,38.10442928,,,,,,,,,,,,,
1624,Taif,Al-Salamah,Taif,21.26077813,40.40883333,,,,,,,,,,,,,
1625,Jeddah,Al-Nazlah Al-Sharqiyah,Jeddah,21.47037309,39.22038742,,,,,,,,,,,,,
1626,Makkah,Al-Umrah Al-Jadidah,Makkah,21.52727002,39.78715844,,,,,,,,,,,,,
9083,Taif,Al-Sadad,Taif,21.22457006,40.41139763,,,,,,,,,,,,,
9084,Bisha,Al-Nakheel,Bisha,20.01338344,42.6069722,,,,,,,,,,,,,
9085,Jeddah,Al-Hamdaniyah,Jeddah,21.75798199,39.20574294,,,,,,,,,,,,,
9086,Taif,Akhbab,Taif,21.22668582,40.37719982,,,,,,,,,,,,,
9088,Taif,Al-Sir,Taif,21.22018898,40.54151819,,,,,,,,,,,,,
9089,Taif,Masarrah,Taif,21.29794963,40.39093815,,,,,,,,,,,,,
9090,Taif,Torba,Taif,21.21419983,41.63083587,,,,,,,,,,,,,
1663,Taif,Al-Sir,Taif,21.20882723,40.58356267,,,,,,,,,,,,,
1666,Al-Makhwah,Al-Khaldyah,Al-Makhwah,19.79035061,41.43429121,,,,,,,,,,,,,
1676,Jeddah,Al-Manar,Jeddah,21.61062884,39.23116911,,,,,,,,,,,,,
1637,Unayzah,Al-Nozha,Unayzah,26.06236009,43.99441622,,,,,,,,,,,,,
1681,Jeddah,Al-Qryniah,Jeddah,21.32733279,39.24736089,,,,,,,,,,,,,
1682,Ranyah,Ranyah,Makkah,21.25105983,42.84516536,,,,,,,,,,,,,
1683,Taif,Kia,Taif,21.05807631,41.00543746,,,,,,,,,,,,,
1684,Abha,Al-Morooj,Abha,18.22360254,42.55604041,,,,,,,,,,,,,
1686,Taif,Ashierah,Taif,21.76534149,40.65871368,,,,,,,,,,,,,
9001,Jeddah,Al-Boghdadyah Al-Gharbiyah,Jeddah,21.49417266,39.17984499,,,,,,,,,,,,,
9002,Jeddah,Al-Qryniah,Jeddah,21.3125769,39.26073091,,,,,,,,,,,,,
9003,Jeddah,Al-Rabwah,Jeddah,21.61219095,39.16995349,,,,,,,,,,,,,
9004,Jeddah,Al-Jamiah,Jeddah,21.48075363,39.25735529,,,,,,,,,,,,,
9005,Riyadh,Al-Fayhaa,Riyadh,24.67527969,46.82120347,,,,,,,,,,,,,
9006,Riyadh,Ishbiliyah,Riyadh,24.78110691,46.77344869,,,,,,,,,,,,,
9008,Jeddah,Al-Safa,Jeddah,21.57334808,39.20228271,,,,,,,,,,,,,
9009,Jeddah,Al-Khalidiyyah,Jeddah,21.57177131,39.13493449,,,,,,,,,,,,,
9011,Jeddah,Al-Hamraa,Jeddah,21.51719537,39.16561493,,,,,,,,,,,,,
9012,Jeddah,Al-Sulaymaniya,Jeddah,21.50870066,39.24693886,,,,,,,,,,,,,
9014,Jeddah,Al-Faisalyah,Jeddah,21.55670168,39.17593758,,,,,,,,,,,,,
9016,Jeddah,Quwaizah,Jeddah,21.49795735,39.28794301,,,,,,,,,,,,,
9017,Jeddah,Al-Safa,Jeddah,21.60478943,39.21135642,,,,,,,,,,,,,
9020,Jeddah,Al-Fayhaa,Jeddah,21.48977686,39.22290667,,,,,,,,,,,,,
9022,Jeddah,Al-Naseem,Jeddah,21.51307922,39.22593818,,,,,,,,,,,,,
9023,Jeddah,Al-Waha,Jeddah,21.54766867,39.23922348,,,,,,,,,,,,,
9028,Jeddah,Al-Naseem,Jeddah,21.51696846,39.23148112,,,,,,,,,,,,,
1660,Taif,Al-Hawiyah,Taif,21.44299092,40.48472756,,,,,,,,,,,,,
1661,Taif,Al-Sir,Taif,21.21098827,40.57507362,,,,,,,,,,,,,
9060,Madina,Al-Shoraybat,Madina,24.45143529,39.64577844,,,,,,,,,,,,,
1631,Madina,Al-Iskan,Madina,24.45744499,39.64188622,,,,,,,,,,,,,
9034,Jeddah,Al-Shati,Jeddah,21.55915078,39.11618902,,,,,,,,,,,,,
9041,Jeddah,Al-Hamraa,Jeddah,21.52070156,39.15806275,,,,,,,,,,,,,
9045,Jeddah,Al-Murjan,Jeddah,21.68757768,39.10718732,,,,,,,,,,,,,
9046,Jeddah,Taiba,Jeddah,21.79479806,39.13446825,,,,,,,,,,,,,
9047,Jeddah,Al-Murjan,Jeddah,21.69313216,39.10489502,,,,,,,,,,,,,
9052,Jeddah,Madaen Al-Fahd,Jeddah,21.46769041,39.22603142,,,,,,,,,,,,,
9054,Jeddah,Taiba,Jeddah,21.80622486,39.15041613,,,,,,,,,,,,,
9057,Jeddah,Al-Ajwad,Jeddah,21.59830969,39.25021864,,,,,,,,,,,,,
9058,Jeddah,Quwaizah,Jeddah,21.49668607,39.26569569,,,,,,,,,,,,,
1667,Taif,Riha,Taif,21.45824323,40.45908181,,,,,,,,,,,,,
1668,Al-Baha,Al-Azhar,Al-Baha,20.07386647,41.44850979,,,,,,,,,,,,,
1669,Khamis Meshiet,Al-Risras,Khamis Meshiet,18.25642605,42.78424122,,,,,,,,,,,,,
1670,Abha,Al-Mansak,Abha,18.23154541,42.55618966,,,,,,,,,,,,,
1673,Khamis Meshiet,El-Rabea,Khamis Meshiet,18.30880683,42.68948491,,,,,,,,,,,,,
1689,Khamis Meshiet,Al-Mosa,Khamis Meshiet,18.33073953,42.7612491,,,,,,,,,,,,,
1690,Al-Majarda,Al-Adala,Al-Majarda,19.12112091,41.92172466,,,,,,,,,,,,,
9051,Riyadh,Al-Andalus,Riyadh,24.7438601,46.7910556,,,,,,,,,,,,,
9053,Riyadh,Towaik,Riyadh,24.5859172,46.55627244,,,,,,,,,,,,,
9055,Riyadh,Al-Sahafa,Riyadh,24.79916926,46.64324809,,,,,,,,,,,,,
9056,Madina,Al-Faisalyah,Madina,24.47635498,39.55444068,,,,,,,,,,,,,
9059,Al-Haqu,Qura,Jazan,17.48135939,42.67722346,,,,,,,,,,,,,
9019,Madina,Shoran,Madina,24.38966003,39.62366386,,,,,,,,,,,,,
9025,Madina,Qurban,Madina,24.45391055,39.6147763,,,,,,,,,,,,,
9032,Bisha,Al-Fahd,Bisha,19.99041347,42.60119373,,,,,,,,,,,,,
9033,Makkah,Al-Sharai,Makkah,21.48729501,39.9414825,,,,,,,,,,,,,
3051,Jeddah,Al-Naseem,Jeddah,21.52026381,39.23957592,,,,,,,,,,,,,
9036,Makkah,Al-Salama,Makkah,21.44713718,39.76348994,,,,,,,,,,,,,
9038,Makkah,Al-Awaili,Makkah,21.35610096,39.88611128,,,,,,,,,,,,,
9040,Makkah,Al-Sloqiyah,Makkah,21.37305896,39.80020425,,,,,,,,,,,,,
9043,Makkah,Al-Jamiah,Makkah,21.39405438,39.87955199,,,,,,,,,,,,,
9044,Makkah,Al-Adl,Makkah,21.44470982,39.86018524,,,,,,,,,,,,,
9050,Makkah,Al-Shoqiyah,Makkah,21.37899264,39.80322064,,,,,,,,,,,,,
9007,Al-Khurma,Al-Nozha,Taif,21.91230169,42.02879223,,,,,,,,,,,,,
1698,Jeddah,Al-Marwah,Jeddah,21.62411813,39.20742753,,,,,,,,,,,,,
1699,Jeddah,Al-Sanabel,Jeddah,21.39851146,39.28555395,,,,,,,,,,,,,
2000,Jeddah,Al-Sanabel,Jeddah,21.40115077,39.27769327,,,,,,,,,,,,,
2001,Jeddah,Al-Tawfiq,Jeddah,21.57270348,39.24156332,,,,,,,,,,,,,
2002,Jeddah,Al-Mohammadiyyah,Jeddah,21.66181594,39.13156505,,,,,,,,,,,,,
2003,Jeddah,Al-Naeem,Jeddah,21.63290432,39.14344203,,,,,,,,,,,,,
2004,Jeddah,Muraikh,Jeddah,21.55634054,39.29166682,,,,,,,,,,,,,
2005,Jeddah,Al-Zahra,Jeddah,21.58827989,39.14357847,,,,,,,,,,,,,
2006,Jeddah,Taiba,Jeddah,21.80725398,39.14863375,,,,,,,,,,,,,
2007,Jeddah,Taiba,Jeddah,21.79703381,39.13750951,,,,,,,,,,,,,
2008,Jeddah,Al-Hamdaniya,Jeddah,21.76194558,39.19857584,,,,,,,,,,,,,
2009,Khamis Meshiet,Al-Darb,Khamis Meshiet,18.30578006,42.72970198,,,,,,,,,,,,,
2010,Makkah,Al-Nuzha,Makkah,21.43413919,39.79347155,,,,,,,,,,,,,
2011,Taif,Al-Wesam,Taif,21.22132678,40.37181096,,,,,,,,,,,,,
2012,Makkah,Al-Khadraa,Makkah,21.47983103,39.93646763,,,,,,,,,,,,,
2013,Taif,Al-Hawiyah,Taif ,21.44919904,40.51056001,,,,,,,,,,,,,
2014,Taif,Al-Qutbiyyah,Taif,21.28416555,40.43242887,,,,,,,,,,,,,
2015,Al-Khobar,Al-Khuzama,Al-Khobar,26.20294842,50.1888889,,,,,,,,,,,,,
2016,Dammam,Al-Nazhaa,Dammam,26.41005809,50.11067428,,,,,,,,,,,,,
2017,Dammam,Al-Anoud,Dammam,26.44389133,50.08062817,,,,,,,,,,,,,
2018,Dammam,Al-Nada,Dammam,26.36588857,50.06944708,,,,,,,,,,,,,
2019,Al-Aqiq,Jefen,Al-Aqiq,20.27022176,41.65281493,,,,,,,,,,,,,
2020,Baljurashi,Al-Amer,Baljurashi,19.86601472,41.56810936,,,,,,,,,,,,,
2021,Jeddah,Al-Salhiya,Jeddah,21.76162619,39.22333096,,,,,,,,,,,,,
2022,Al-Mandaq,Musaylah,Al-Mandaq,20.14458984,41.29168643,,,,,,,,,,,,,
2023,Al-Baha,Al-Haweya,Al-Baha,20.01225374,41.46485775,,,,,,,,,,,,,
2024,Jeddah,Al-Samer,Jeddah,21.59585917,39.24883873,,,,,,,,,,,,,
2025,Jeddah,Al-Zahraa,Jeddah,21.59207582,39.14156395,,,,,,,,,,,,,
2026,Bisha,King Abdallah district,Bisha,19.97979851,42.59511257,,,,,,,,,,,,,
2027,Jeddah,Al-Sawari,Jeddah,21.79284725,39.09051128,,,,,,,,,,,,,
2028,Jeddah,Al-Naseem,Jeddah,21.52010544,39.22280355,,,,,,,,,,,,,
2029,Dammam,Al-Nur,Dammam,26.42039455,50.02197454,,,,,,,,,,,,,
2030,Al-Namas,Al-Sad,Al-Namas,19.09785509,42.13015609,,,,,,,,,,,,,
2031,Makkah,Wali Al-Ahed,Makkah,21.33534537,39.69243733,,,,,,,,,,,,,
2032,Makkah,Wali Al-Ahd,Makkah,21.33968605,39.69538373,,,,,,,,,,,,,
2033,Mahayel Asir,Al-Ganadrea,Mahayel Asir,18.53006508,42.05727448,,,,,,,,,,,,,
2034,Al-Makhwah,Al-Marwah,Al-Makhwah,19.78133778,41.43806108,,,,,,,,,,,,,
2035,Al-Qunfudhah,Al-Naimyyah,Al-Qunfudhah,19.12641219,41.08164978,,,,,,,,,,,,,
2036,Saihat,Al-Kawther,Saihat,26.47971379,50.05532331,,,,,,,,,,,,,
2037,Al-Khobar,Al-Khobar Al-Shamalia,Al-Khobar,26.29419824,50.21745074,,,,,,,,,,,,,
2038,Bariq,Asir,Bariq,18.93483412,41.93056131,,,,,,,,,,,,,
2039,Mahayel Asir,Al-Nuzha,Mahayel Asir,18.54382843,42.05593763,,,,,,,,,,,,,
2040,Riyadh,Al-Munsiyah,Riyadh,24.83346867,46.76730071,,,,,,,,,,,,,
2041,Riyadh,Al-Janadriyah,Riyadh,24.83921898,46.88069514,,,,,,,,,,,,,
2042,Al-Darb,Al-Darb,Jizan,17.74207962,42.28104929,,,,,,,,,,,,,
2043,Taif,Al-Wasiliyah,Taif,21.50924487,40.50138632,,,,,,,,,,,,,
2044,Al-Mubarraz,Al-fath,Al-Ahsa,25.43518022,49.57295897,,,,,,,,,,,,,
2045,Al-Hofuf,Al Muthallath,Al-Ahsa,25.35418264,49.59749167,,,,,,,,,,,,,
2046,Dammam,Al-Faisaliah,Dammam,26.38181311,50.07096444,,,,,,,,,,,,,
2047,Jeddah,Al-Hamadaniyyah,Jeddah,21.75495709,39.18569488,,,,,,,,,,,,,
2048,Jeddah,Al-Aziziyah,Jeddah,21.54891108,39.18505523,,,,,,,,,,,,,
2049,Riyadh,Towaik,Riyadh,24.56277624,46.52880442,,,,,,,,,,,,,
2050,Al-Hofuf,Almubarakiyah,Al-Ahsa,25.36442705,49.61463222,,,,,,,,,,,,,
2051,Madina,Qoubaa,Madina,24.44004514,39.61231913,,,,,,,,,,,,,
2052,Jeddah,Al-Riyadh,Jeddah,21.84659829,39.19460958,,,,,,,,,,,,,
2053,Riyadh,Al-Khalideyyah,Riyadh,24.61919909,46.757507,,,,,,,,,,,,,
2054,Madina,AL-Mekat,Madina,24.42642695,39.54874662,,,,,,,,,,,,,
2055,Jeddah,Al-Baghdadiyah Al-Gharbiyah,Jeddah,21.50796202,39.17970373,,,,,,,,,,,,,
2056,Jeddah,Al-Bawadi,Jeddah,21.59801752,39.16183821,,,,,,,,,,,,,
2057,Samtah,Al-Rawdah,Jizan,16.60435934,42.93635121,,,,,,,,,,,,,
2058,Abu Areesh,Al-Zohor,Jizan,16.9766522,42.8339325,,,,,,,,,,,,,
2059,Al-Ardah,Al-Rawaby,Jizan,17.0355243,43.0791293,,,,,,,,,,,,,
2060,Bisha,King Abdallah district,Bisha,19.97831634,42.59510102,,,,,,,,,,,,,
2061,Bisha,Al-Rawshan,Bisha,20.00310388,42.59231949,,,,,,,,,,,,,
2062,Dammam,Al-Muhammadiyah,Dammam,26.45961114,50.06113849,,,,,,,,,,,,,
2063,Al-Majarda,Al-Adalah,Al-Majarda,19.10909829,41.9261296,,,,,,,,,,,,,
2064,Najran,University District,Najran,17.6440383,44.4733717,,,,,,,,,,,,,
2065,Khamis Meshiet,Al-Azizea,Khamis Meshiet,18.30769354,42.75310507,,,,,,,,,,,,,
2066,Ahad Rofida,Aseer,Ahad Rofida,18.18786171,42.82502345,,,,,,,,,,,,,
2067,Al-Qunfudhah,Al-Azhar,Al-Qunfudhah,19.11836603,41.08540529,,,,,,,,,,,,,
2068,Taif,Al-Wasit,Taif,21.47339583,40.46828975,,,,,,,,,,,,,
2069,Taif,Al-Naseem,Taif,21.26327893,40.45966863,,,,,,,,,,,,,
2070,Unayzah,Al-Zolfi,Unayzah,26.09323835,44.00669123,,,,,,,,,,,,,
2071,Unayzah,Al-Fakhriyyah,Unayzah,26.06494036,43.97415489,,,,,,,,,,,,,
2072,Al-Rass,Al-Hazm,Al-Qassim,25.87494737,43.52365619,,,,,,,,,,,,,
2073,Buraydah,Sultanah,Buraydah,26.37497888,43.90093463,,,,,,,,,,,,,
2074,Al-Rass,Al-hazm,Al-Qassim,25.86615269,43.51628101,,,,,,,,,,,,,
2075,Buraydah,El-Nahdah,Buraydah,26.40573813,43.93498206,,,,,,,,,,,,,
2076,Buraydah,Al-Nakheel,Buraydah,26.36175907,43.90615496,,,,,,,,,,,,,
2077,Hail,Al-Khuzama,Hail,27.57706846,41.73143719,,,,,,,,,,,,,
2078,Hail,Al-Noqra,Hail,27.57706919,41.73143642,,,,,,,,,,,,,
2079,Hail,Al-Wadi,Hail,27.42001916,41.58580802,,,,,,,,,,,,,
2080,Tabuk,Al Rayan,Tabuk,28.45503957,36.55217697,,,,,,,,,,,,,
2081,Tabuk,Almuruj Alawal,Tabuk,28.41870431,36.57332492,,,,,,,,,,,,,
2082,Arar,Al Dahiya,Arar,30.92547869,41.09605892,,,,,,,,,,,,,
2083,Arar,Almabarakiya,Arar,30.95651101,41.00490773,,,,,,,,,,,,,
2084,Arar,Badnah,Arar,30.98926832,41.00836327,,,,,,,,,,,,,
2085,Dammam,AL-Forsan,Dammam,26.36745628,49.96436381,,,,,,,,,,,,,
2086,Al-Qatif,Al Majidiyah,Al-Qatif,26.53840116,50.02515554,,,,,,,,,,,,,
2087,Tabuk,Muruj Al Ameer,Tabuk,28.42396787,36.56931562,,,,,,,,,,,,,
2088,Madina,Teiba,Madina,24.48314317,39.53725037,,,,,,,,,,,,,
2089,Al-Qurayyat,Al-Naseem,Al-Jouf,31.31451947,37.34560061,,,,,,,,,,,,,
2090,Jeddah,Al-Manar,Jeddah,21.61218167,39.24027104,,,,,,,,,,,,,
2091,Jeddah,Mada'en Al-Fahd,Jeddah,21.45996059,39.24644935,,,,,,,,,,,,,
2092,Taif,Rehab,Taif,21.44913355,40.44369636,,,,,,,,,,,,,
2093,Al-Namas,Aaal Omar,Al-Namas,19.12686502,42.12991934,,,,,,,,,,,,,
2094,Al-Qunfudhah,Al-khaldeya,Al-Qunfudhah,19.13362415,41.07841872,,,,,,,,,,,,,
2095,Jizan,Airport District,Jizan,16.8923947,42.5589447,,,,,,,,,,,,,
2096,Najran,Aba Alseood District,Najran,17.4900772,44.1347375,,,,,,,,,,,,,
2097,Al-Baha,Rahwat Albar,Al-Baha,20.04820851,41.44824454,,,,,,,,,,,,,
2098,Abha,Aal Ghalith,Abha,18.24241231,42.61035607,,,,,,,,,,,,,
2099,Baljurashi,Al-Saraa,Baljurashi,19.86436538,41.56491593,,,,,,,,,,,,,
2300,Jeddah,Al-Naseem,Jeddah,21.52265161,39.23960948,,,,,,,,,,,,,
2301,Al-Makhwah,El-Hawager,Al-Makhwah,19.77629311,41.43624922,,,,,,,,,,,,,
2302,Al-Muzaylif,Al-Muzaylif,Al-Muzaylif,19.53530452,41.04943696,,,,,,,,,,,,,
2303,Samtah,Al-Jaradiyah,Jazan,16.59005624,42.92586007,,,,,,,,,,,,,
2304,Al-Zulfi,Al-Andalus,Al-Qassim,26.30248983,44.83265156,,,,,,,,,,,,,
2305,Jeddah,Al-Ajwad,Jeddah,21.59719372,39.25428305,,,,,,,,,,,,,
2306,Jeddah,Al-Balad,Jeddah,21.48604118,39.18256775,,,,,,,,,,,,,
2307,Jeddah,Al-Waha,Jeddah,21.56717302,39.24905739,,,,,,,,,,,,,
2308,Riyadh,Dhahrat Laban,Riyadh,24.62085625,46.53267838,,,,,,,,,,,,,
2309,Shaqra,Al-Rawdah,Riyadh,25.23734625,45.25095835,,,,,,,,,,,,,
2310,Al-Khobar,Madinat Al Umal,Al-Khobar,26.28362454,50.19985949,,,,,,,,,,,,,
2311,Turaif,Sultana,Northern Borders,31.67124751,38.6683269,,,,,,,,,,,,,
2312,Turaif,Al-Shifa,Northern Borders,31.65607157,38.66970465,,,,,,,,,,,,,
2313,Taif,Al-Hawiyah,Taif,21.43631685,40.48861415,,,,,,,,,,,,,
2314,Baljurashi,Al-Mohammadeah,Baljurashi,19.8648056,41.57333263,,,,,,,,,,,,,
2315,Al-Qurayyat,Prince Abd-Alellah bin Abdelziz,Al-Jouf,31.38031978,37.29290343,,,,,,,,,,,,,
2316,Al-Baha,Al-Raib,Al-Baha,20.01654867,41.47141599,,,,,,,,,,,,,
2317,Al-Majmaah,King Fahd,Riyadh,25.90213807,45.33986102,,,,,,,,,,,,,
2318,Bisha,Al-Khuzama,Bisha,20.02322182,42.62249995,,,,,,,,,,,,,
2319,Taif,Al-Qamariah,Taif,21.27524764,40.43340438,,,,,,,,,,,,,
2320,Anak,Al-Bostan,Al-Qatif,26.5192005,50.03364453,,,,,,,,,,,,,
2321,Tabuk,Al-Safa,Tabuk,28.37224497,36.52131829,,,,,,,,,,,,,
2322,Jizan,Al-shaati',Jazan,16.9000044,42.54958294,,,,,,,,,,,,,
2323,Al-Baha,Qilwah,Al-Baha,19.93146893,41.26471037,,,,,,,,,,,,,
2324,Tathleeth,Al-Zuhur,Asir,19.53245804,43.51925832,,,,,,,,,,,,,
2325,Tabuk,Muruj Al-Amir,Tabuk,28.43884527,36.55448677,,,,,,,,,,,,,
2326,Jubail,Al-Mirqab,Jubail,26.99640697,49.64519726,,,,,,,,,,,,,
2327,Al-Majmaah,Al-Mustaqbal,Riyadh,25.90494129,45.39372542,,,,,,,,,,,,,
2328,Al-Baha,Al-Qura,Al-Baha,20.16980934,41.38122465,,,,,,,,,,,,,
2329,Taif,Turbah,Taif,21.21416829,41.63820376,,,,,,,,,,,,,
2330,Al-Jumum,Al-Aziziyah,Makkah,21.62135104,39.70233138,,,,,,,,,,,,,
2331,Ahad Al-Masarihah,Al-Rawdah,Jazan,16.71387561,42.9463605,,,,,,,,,,,,,
2332,Sabt Al-Alayah,Al-Aziziyah,Asir,19.58118977,41.96082772,,,,,,,,,,,,,
2333,Makkah,Al-Awali,Makkah,21.35636278,39.87580491,,,,,,,,,,,,,
2334,Khulais,Faza,Jeddah,22.08825448,39.31385352,,,,,,,,,,,,,
2335,Jeddah,Al-Riyadh,Jeddah,21.84562565,39.20272225,,,,,,,,,,,,,
2336,Abha,Al-Sadd,Abha,18.21911536,42.48820727,,,,,,,,,,,,,
2337,Khamis Meshiet,Al-Qafilah,Khamis Meshiet,18.30563145,42.69739103,,,,,,,,,,,,,
2339,Al-Henakiyah,Al-Henakiyah,Madina,24.87089254,40.52926984,,,,,,,,,,,,,
2340,Najran,Alhusain,Najran,17.50400834,44.18780236,,,,,,,,,,,,,
2341,Najran,Al-Athaybah,Najran,17.54989466,44.25384851,,,,,,,,,,,,,
2342,Najran,Al-Faysalya,Najran,17.53132656,44.21033816,,,,,,,,,,,,,
2343,Al-Ahsa,Al-Busairah,Al-Hofuf,25.37388889,49.61030572,,,,,,,,,,,,,
2344,Khulais,Gharan,Jeddah,21.97208429,39.36216781,,,,,,,,,,,,,
2345,Rabigh,Al-Samad,Jeddah,22.79948181,39.03554243,,,,,,,,,,,,,
2346,Baqaa,Al-Muhair,Baqaa,27.90123863,42.39552363,,,,,,,,,,,,,
2347,Al-Qouz,Al-Qouz,Al-Qunfudhah,18.97872819,41.32008265,,,,,,,,,,,,,
2348,Taif,Al-Shuhada Al-janubiyyah,Taif,21.26445619,40.41388637,,,,,,,,,,,,,
2349,Taif,Al-Shuhada Al-janubiyyah,Taif,21.26496069,40.42128516,,,,,,,,,,,,,
2350,Makkah,Al-Haram,Makkah,21.41936748,39.82425991,,,,,,,,,,,,,
2351,Jizan,Al-Shati,Jazan,16.95829354,42.56674458,,,,,,,,,,,,,
2352,Al-Ahsa,Ladhah,Al-Hofuf,25.34731122,49.59028089,,,,,,,,,,,,,
2353,Dammam,Hajar,Dammam,26.36851032,50.12494007,,,,,,,,,,,,,
2354,Hail,Al-Muntazah Al-Sharqi,Hail,27.54850441,41.70023485,,,,,,,,,,,,,
2355,Al-Ahsa,Al-Nayfiyah,Al-Hofuf,25.32705519,49.56082136,,,,,,,,,,,,,
2356,Al-Wajh,Al-Khaldiyah,Tabuk,26.23896779,36.45746566,,,,,,,,,,,,,
2357,Farasan Island,Farasan,Jazan,16.70147398,42.11522575,,,,,,,,,,,,,
2358,Riyadh,Al-Malqa,Riyadh,24.79788432,46.59255972,,,,,,,,,,,,,
2359,Badr,Al-Ghazwa,Madina,23.77905883,38.79691315,,,,,,,,,,,,,
2360,Jeddah,King Abdul Aziz Medical City,Jeddah,21.42456093,39.36112341,,,,,,,,,,,,,
2361,Al-Qahma,Al-Aaliyah,Abha,18.00794464,41.67944369,,,,,,,,,,,,,
2362,Umluj,Abu Shajarah,Tabuk,25.03773498,37.26103419,,,,,,,,,,,,,
2363,Hafar Al Batin,Al-Baladiyah,Hafar Al Batin,28.41496235,45.9940146,,,,,,,,,,,,,
2364,Hafar Al Batin,Al Faisaliyah,Hafar Al Batin,28.39387915,45.95909805,,,,,,,,,,,,,
2365,Dammam,Al-Nakhil,Dammam,26.43689126,50.08422219,,,,,,,,,,,,,
2366,Riyadh,Ishbiliyah,Riyadh,24.80524894,46.80261073,,,,,,,,,,,,,
2367,Riyadh,Al-Rimal,Riyadh,24.84641887,46.82524939,,,,,,,,,,,,,
2368,Al-Zulfi,Al-Yarmouk,Al-Zulfi,26.30886032,44.81758256,,,,,,,,,,,,,
2369,Unayzah,Al-Fakhriyah,Al-Qassim,26.06431841,43.98117826,,,,,,,,,,,,,
2370,Al-Badayea,Al-Rimmah,Al-Qassim,25.99211012,43.72751559,,,,,,,,,,,,,
2371,Khamis Meshiet,Al-Azizyah,Khamis Meshiet,18.30771569,42.75346405,,,,,,,,,,,,,
2372,Jeddah,Al-Marwah,Jeddah,21.61041037,39.19520816,,,,,,,,,,,,,
2373,Jeddah,Al-Khomrah,Jeddah,21.32807758,39.25321663,,,,,,,,,,,,,
2374,Jeddah,Al-Fadeylah,Jeddah,21.29547243,39.26234162,,,,,,,,,,,,,
2375,Riyadh,Al-Nahdah,Riyadh,24.76773159,46.80838634,,,,,,,,,,,,,
2376,Riyadh,Ghubairah,Riyadh,24.61968587,46.73180648,,,,,,,,,,,,,
2377,Riyadh,Al-Yasmin,Riyadh,24.83755521,46.64363813,,,,,,,,,,,,,
2378,Riyadh,Al-Aziziyah,Riyadh,24.57348596,46.76918937,,,,,,,,,,,,,
2379,Riyadh,Al-Khaleej,Riyadh,24.76580382,46.78824669,,,,,,,,,,,,,
2381,Dammam,Al-Nur,Dammam,26.43689086,50.08422174,,,,,,,,,,,,,
2382,Jeddah,Al-Yaqoot,Jeddah,21.78489161,39.08977695,,,,,,,,,,,,,
2383,Samtah,Al-Kharsh housing,Jazan,16.64821106,42.94275047,,,,,,,,,,,,,
2384,Jeddah,Al-Nahdah,Jeddah,21.61598823,39.12252587,,,,,,,,,,,,,
2385,Tubarjal,Al-Woroud,Tubarjal,30.49333291,38.19963891,,,,,,,,,,,,,
2386,Arar,Al-Rabwah,Arar,30.99119604,41.04005654,,,,,,,,,,,,,
2387,Sarat Ebidah,Al-Nour,Asir,18.08561039,43.14100521,,,,,,,,,,,,,
2388,Sakaka,Al-Azizyah,Sakaka,29.94837409,40.19389232,,,,,,,,,,,,,
2389,Hafar Al Batin,Al-Baladiyah,Hafar Al Batin,28.42538965,45.97990867,,,,,,,,,,,,,
2390,Al-Hofuf,Al-Andalus,Al-Ahsa,25.3973634,49.59780542,,,,,,,,,,,,,
2391,Hafar Al Batin,Al-Masif,Hafar Al Batin,28.39989804,45.98332801,,,,,,,,,,,,,
2392,Dammam,Badr,Dammam,26.40843963,50.01500194,,,,,,,,,,,,,
2393,Najran,South Shorfa,Najran,17.50577997,44.34147214,,,,,,,,,,,,,
2394,Sakaka,Al-Sinaiyah Subdivion,Sakaka,29.96250528,40.21120214,,,,,,,,,,,,,
2395,Jeddah,Mishrifah,Jeddah,21.53778618,39.19591597,,,,,,,,,,,,,
2396,Jeddah,Al-Rehab,Jeddah,21.55775026,39.21355244,,,,,,,,,,,,,
2397,Buraydah,Al-Basateen,Buraydah,26.32784452,44.01149347,,,,,,,,,,,,,
2398,Jeddah,Al-Zahra,Jeddah,21.58762632,39.13149206,,,,,,,,,,,,,
2399,Abu Areesh,King Fahd,Jizan,16.95935166,42.81801114,,,,,,,,,,,,,
2400,Jeddah,Al-Khalidiyyah,Jeddah,21.55927195,39.13998579,,,,,,,,,,,,,
2401,Tayma,Al-Shifaa,Tayma,27.61344979,38.51732692,,,,,,,,,,,,,
2402,Riyadh,Al-Mutamarat,Riyadh,24.67239007,46.68999069,,,,,,,,,,,,,
2403,Jeddah,Al-Shera'a,Jeddah,21.77215035,39.10049626,,,,,,,,,,,,,
2404,Jeddah,Al-Zummrad,Jeddah,21.80964112,39.07561135,,,,,,,,,,,,,
2405,Tabuk,Sultanah,Tabuk,28.39558514,36.58866333,,,,,,,,,,,,,
2406,Al-Hofuf,Alfaisaliyah,Al-Ahsa,25.38759158,49.60179074,,,,,,,,,,,,,
2407,Najran,Al-Fahd,Najran,17.57777201,44.23370031,,,,,,,,,,,,,
2408,Dammam,Al-Shulah,Dammam,26.36416874,50.09562551,,,,,,,,,,,,,
2409,Makkah,Al-Jamiah,Makkah,21.39555399,39.86933318,,,,,,,,,,,,,
2410,Madina,Bedaah,Madina,24.47152797,39.60922196,,,,,,,,,,,,,
2411,Rabigh,Al-Samad,Jeddah,22.79764184,39.03308305,,,,,,,,,,,,,
2417,Jeddah,Al-Marwah,Jeddah,21.62073327,39.1897251,,,,,,,,,,,,,
2415,Madina,Al-Jabirah,Madina,24.4083339,39.58869215,,,,,,,,,,,,,
2416,Riyadh,Al-Wurud,Riyadh,24.73520386,46.68272392,,,,,,,,,,,,,
2418,Jeddah,Al-Jawharah,Jeddah,21.43828536,39.25083455,,,,,,,,,,,,,
2419,Jeddah,Mraykh ,Jeddah,21.54675141,39.29011102,,,,,,,,,,,,,
2420,KAUST,KAUST,KAUST,22.31078169,39.10172086,,,,,,,,,,,,,
2421,Jeddah,Al-Hamraa,Jeddah,21.53388058,39.16558064,,,,,,,,,,,,,
2422,Dammam,Al-Manar,Dammam,26.37845667,50.04904304,,,,,,,,,,,,,
2428,Al-Aqiq,Al-Nakheel,Al-Baha,20.27046408,41.65865461,,,,,,,,,,,,,
2429,Sabt Al-Alayah,Al-Shati,Asir,19.57797412,41.96081121,,,,,,,,,,,,,
2430,Al-Baha,Al-Safa,Al-Baha,20.06107726,41.44851289,,,,,,,,,,,,,
2435,Madina,Al-Haram,Madina,24.47115549,39.6068764,,,,,,,,,,,,,
2439,Dammam,King Fahd,Dammam,26.38020647,50.00314656,,,,,,,,,,,,,
2440,Taif,Khabab,Taif,21.22772642,40.37838823,,,,,,,,,,,,,
2442,Al-Khobar,Al-Olayah,Al-Khobar,26.30377749,50.17433263,,,,,,,,,,,,,
2445,Al-Qatif,Al-Bahari,Al-Qatif,26.56511049,49.99419408,,,,,,,,,,,,,
,,,,,,,,,,,,,,,,,,
,,,,,,,,,,,,,,,,,,
,,,,,,,,,,,,,,,,,,
,,,,,,,,,,,,,,,,,,
,,,,,,,,,,,,,,,,,,
,,,,,,,,,,,,,,,,,,
,,,,,,,,,,,,,,,,,,
,,,,,,,,,,,,,,,,,,
,,,,,,,,,,,,,,,,,,
,,,,,,,,,,,,,,,,,,
,,,,,,,,,,,,,,,,,,
,,,,,,,,,,,,,,,,,,
,,,,,,,,,,,,,,,,,,
,,,,,,,,,,,,,,,,,,
,,,,,,,,,,,,,,,,,,
,,,,,,,,,,,,,,,,,,
,,,,,,,,,,,,,,,,,,
,,,,,,,,,,,,,,,,,,
,,,,,,,,,,,,,,,,,,
,,,,,,,,,,,,,,,,,,
,,,,,,,,,,,,,,,,,,
,,,,,,,,,,,,,,,,,,
,,,,,,,,,,,,,,,,,,
,,,,,,,,,,,,,,,,,,
,,,,,,,,,,,,,,,,,,
,,,,,,,,,,,,,,,,,,
,,,,,,,,,,,,,,,,,,
,,,,,,,,,,,,,,,,,,
,,,,,,,,,,,,,,,,,,
,,,,,,,,,,,,,,,,,,
,,,,,,,,,,,,,,,,,,
,,,,,,,,,,,,,,,,,,
,,,,,,,,,,,,,,,,,,
,,,,,,,,,,,,,,,,,,
,,,,,,,,,,,,,,,,,,
,,,,,,,,,,,,,,,,,,
,,,,,,,,,,,,,,,,,,
,,,,,,,,,,,,,,,,,,
,,,,,,,,,,,,,,,,,,
,,,,,,,,,,,,,,,,,,
,,,,,,,,,,,,,,,,,,
,,,,,,,,,,,,,,,,,,
,,,,,,,,,,,,,,,,,,
,,,,,,,,,,,,,,,,,,
,,,,,,,,,,,,,,,,,,
,,,,,,,,,,,,,,,,,,
,,,,,,,,,,,,,,,,,,
,,,,,,,,,,,,,,,,,,
,,,,,,,,,,,,,,,,,,
,,,,,,,,,,,,,,,,,,
,,,,,,,,,,,,,,,,,,
,,,,,,,,,,,,,,,,,,
,,,,,,,,,,,,,,,,,,
,,,,,,,,,,,,,,,,,,
,,,,,,,,,,,,,,,,,,
,,,,,,,,,,,,,,,,,,
,,,,,,,,,,,,,,,,,,
,,,,,,,,,,,,,,,,,,
,,,,,,,,,,,,,,,,,,
,,,,,,,,,,,,,,,,,,
,,,,,,,,,,,,,,,,,,
,,,,,,,,,,,,,,,,,,
,,,,,,,,,,,,,,,,,,
,,,,,,,,,,,,,,,,,,
,,,,,,,,,,,,,,,,,,
,,,,,,,,,,,,,,,,,,
,,,,,,,,,,,,,,,,,,
,,,,,,,,,,,,,,,,,,
,,,,,,,,,,,,,,,,,,
,,,,,,,,,,,,,,,,,,
,,,,,,,,,,,,,,,,,,
,,,,,,,,,,,,,,,,,,
,,,,,,,,,,,,,,,,,,
,,,,,,,,,,,,,,,,,,
,,,,,,,,,,,,,,,,,,
,,,,,,,,,,,,,,,,,,
,,,,,,,,,,,,,,,,,,
,,,,,,,,,,,,,,,,,,
,,,,,,,,,,,,,,,,,,
,,,,,,,,,,,,,,,,,,
,,,,,,,,,,,,,,,,,,
,,,,,,,,,,,,,,,,,,
,,,,,,,,,,,,,,,,,,
,,,,,,,,,,,,,,,,,,
,,,,,,,,,,,,,,,,,,
,,,,,,,,,,,,,,,,,,
,,,,,,,,,,,,,,,,,,
,,,,,,,,,,,,,,,,,,
,,,,,,,,,,,,,,,,,,
,,,,,,,,,,,,,,,,,,
,,,,,,,,,,,,,,,,,,
,,,,,,,,,,,,,,,,,,
,,,,,,,,,,,,,,,,,,
,,,,,,,,,,,,,,,,,,
,,,,,,,,,,,,,,,,,,
,,,,,,,,,,,,,,,,,,
,,,,,,,,,,,,,,,,,,
,,,,,,,,,,,,,,,,,,
,,,,,,,,,,,,,,,,,,
,,,,,,,,,,,,,,,,,,
,,,,,,,,,,,,,,,,,,
,,,,,,,,,,,,,,,,,,
,,,,,,,,,,,,,,,,,,
,,,,,,,,,,,,,,,,,,
,,,,,,,,,,,,,,,,,,
,,,,,,,,,,,,,,,,,,
,,,,,,,,,,,,,,,,,,
,,,,,,,,,,,,,,,,,,
,,,,,,,,,,,,,,,,,,
,,,,,,,,,,,,,,,,,,
,,,,,,,,,,,,,,,,,,
,,,,,,,,,,,,,,,,,,
,,,,,,,,,,,,,,,,,,
,,,,,,,,,,,,,,,,,,
,,,,,,,,,,,,,,,,,,
,,,,,,,,,,,,,,,,,,
,,,,,,,,,,,,,,,,,,
,,,,,,,,,,,,,,,,,,
,,,,,,,,,,,,,,,,,,
,,,,,,,,,,,,,,,,,,
,,,,,,,,,,,,,,,,,,
,,,,,,,,,,,,,,,,,,
,,,,,,,,,,,,,,,,,,
,,,,,,,,,,,,,,,,,,
,,,,,,,,,,,,,,,,,,
,,,,,,,,,,,,,,,,,,
,,,,,,,,,,,,,,,,,,
,,,,,,,,,,,,,,,,,,
,,,,,,,,,,,,,,,,,,
,,,,,,,,,,,,,,,,,,
,,,,,,,,,,,,,,,,,,
,,,,,,,,,,,,,,,,,,
,,,,,,,,,,,,,,,,,,
,,,,,,,,,,,,,,,,,,
,,,,,,,,,,,,,,,,,,
,,,,,,,,,,,,,,,,,,
,,,,,,,,,,,,,,,,,,
,,,,,,,,,,,,,,,,,,
,,,,,,,,,,,,,,,,,,
,,,,,,,,,,,,,,,,,,
,,,,,,,,,,,,,,,,,,
,,,,,,,,,,,,,,,,,,
,,,,,,,,,,,,,,,,,,
,,,,,,,,,,,,,,,,,,
,,,,,,,,,,,,,,,,,,
,,,,,,,,,,,,,,,,,,
,,,,,,,,,,,,,,,,,,
,,,,,,,,,,,,,,,,,,
,,,,,,,,,,,,,,,,,,
,,,,,,,,,,,,,,,,,,
,,,,,,,,,,,,,,,,,,
,,,,,,,,,,,,,,,,,,
,,,,,,,,,,,,,,,,,,
,,,,,,,,,,,,,,,,,,
,,,,,,,,,,,,,,,,,,
,,,,,,,,,,,,,,,,,,
,,,,,,,,,,,,,,,,,,
,,,,,,,,,,,,,,,,,,
,,,,,,,,,,,,,,,,,,
,,,,,,,,,,,,,,,,,,
,,,,,,,,,,,,,,,,,,
,,,,,,,,,,,,,,,,,,
,,,,,,,,,,,,,,,,,,
,,,,,,,,,,,,,,,,,,
,,,,,,,,,,,,,,,,,,
,,,,,,,,,,,,,,,,,,
,,,,,,,,,,,,,,,,,,
,,,,,,,,,,,,,,,,,,
,,,,,,,,,,,,,,,,,,
,,,,,,,,,,,,,,,,,,
,,,,,,,,,,,,,,,,,,
,,,,,,,,,,,,,,,,,,
,,,,,,,,,,,,,,,,,,
,,,,,,,,,,,,,,,,,,
,,,,,,,,,,,,,,,,,,
,,,,,,,,,,,,,,,,,,
,,,,,,,,,,,,,,,,,,
,,,,,,,,,,,,,,,,,,
,,,,,,,,,,,,,,,,,,
,,,,,,,,,,,,,,,,,,
,,,,,,,,,,,,,,,,,,
,,,,,,,,,,,,,,,,,,
,,,,,,,,,,,,,,,,,,
,,,,,,,,,,,,,,,,,,
,,,,,,,,,,,,,,,,,,
,,,,,,,,,,,,,,,,,,
,,,,,,,,,,,,,,,,,,
,,,,,,,,,,,,,,,,,,
,,,,,,,,,,,,,,,,,,
,,,,,,,,,,,,,,,,,,
,,,,,,,,,,,,,,,,,,
,,,,,,,,,,,,,,,,,,
,,,,,,,,,,,,,,,,,,
,,,,,,,,,,,,,,,,,,
,,,,,,,,,,,,,,,,,,
,,,,,,,,,,,,,,,,,,
,,,,,,,,,,,,,,,,,,
,,,,,,,,,,,,,,,,,,
,,,,,,,,,,,,,,,,,,
,,,,,,,,,,,,,,,,,,
,,,,,,,,,,,,,,,,,,
,,,,,,,,,,,,,,,,,,
,,,,,,,,,,,,,,,,,,
,,,,,,,,,,,,,,,,,,
,,,,,,,,,,,,,,,,,,
,,,,,,,,,,,,,,,,,,
,,,,,,,,,,,,,,,,,,
,,,,,,,,,,,,,,,,,,
,,,,,,,,,,,,,,,,,,
,,,,,,,,,,,,,,,,,,
,,,,,,,,,,,,,,,,,,
,,,,,,,,,,,,,,,,,,
,,,,,,,,,,,,,,,,,,
,,,,,,,,,,,,,,,,,,
,,,,,,,,,,,,,,,,,,
,,,,,,,,,,,,,,,,,,
,,,,,,,,,,,,,,,,,,
,,,,,,,,,,,,,,,,,,
,,,,,,,,,,,,,,,,,,
,,,,,,,,,,,,,,,,,,
,,,,,,,,,,,,,,,,,,
,,,,,,,,,,,,,,,,,,
,,,,,,,,,,,,,,,,,,
,,,,,,,,,,,,,,,,,,
,,,,,,,,,,,,,,,,,,
,,,,,,,,,,,,,,,,,,
,,,,,,,,,,,,,,,,,,
,,,,,,,,,,,,,,,,,,
,,,,,,,,,,,,,,,,,,
,,,,,,,,,,,,,,,,,,
,,,,,,,,,,,,,,,,,,
,,,,,,,,,,,,,,,,,,
,,,,,,,,,,,,,,,,,,
,,,,,,,,,,,,,,,,,,
,,,,,,,,,,,,,,,,,,
,,,,,,,,,,,,,,,,,,
,,,,,,,,,,,,,,,,,,
,,,,,,,,,,,,,,,,,,
,,,,,,,,,,,,,,,,,,
,,,,,,,,,,,,,,,,,,
,,,,,,,,,,,,,,,,,,
,,,,,,,,,,,,,,,,,,
,,,,,,,,,,,,,,,,,,
,,,,,,,,,,,,,,,,,,
,,,,,,,,,,,,,,,,,,
,,,,,,,,,,,,,,,,,,
,,,,,,,,,,,,,,,,,,
,,,,,,,,,,,,,,,,,,
,,,,,,,,,,,,,,,,,,
,,,,,,,,,,,,,,,,,,
,,,,,,,,,,,,,,,,,,
,,,,,,,,,,,,,,,,,,
,,,,,,,,,,,,,,,,,,
,,,,,,,,,,,,,,,,,,
,,,,,,,,,,,,,,,,,,
,,,,,,,,,,,,,,,,,,
,,,,,,,,,,,,,,,,,,
,,,,,,,,,,,,,,,,,,
,,,,,,,,,,,,,,,,,,
,,,,,,,,,,,,,,,,,,
,,,,,,,,,,,,,,,,,,
,,,,,,,,,,,,,,,,,,
,,,,,,,,,,,,,,,,,,
,,,,,,,,,,,,,,,,,,
,,,,,,,,,,,,,,,,,,
,,,,,,,,,,,,,,,,,,
,,,,,,,,,,,,,,,,,,
,,,,,,,,,,,,,,,,,,
,,,,,,,,,,,,,,,,,,
,,,,,,,,,,,,,,,,,,
,,,,,,,,,,,,,,,,,,
,,,,,,,,,,,,,,,,,,
,,,,,,,,,,,,,,,,,,
,,,,,,,,,,,,,,,,,,
,,,,,,,,,,,,,,,,,,
,,,,,,,,,,,,,,,,,,
,,,,,,,,,,,,,,,,,,
,,,,,,,,,,,,,,,,,,
,,,,,,,,,,,,,,,,,,
,,,,,,,,,,,,,,,,,,
,,,,,,,,,,,,,,,,,,
,,,,,,,,,,,,,,,,,,
,,,,,,,,,,,,,,,,,,
,,,,,,,,,,,,,,,,,,
,,,,,,,,,,,,,,,,,,
,,,,,,,,,,,,,,,,,,
,,,,,,,,,,,,,,,,,,
,,,,,,,,,,,,,,,,,,
,,,,,,,,,,,,,,,,,,
,,,,,,,,,,,,,,,,,,
,,,,,,,,,,,,,,,,,,
,,,,,,,,,,,,,,,,,,
,,,,,,,,,,,,,,,,,,
,,,,,,,,,,,,,,,,,,
,,,,,,,,,,,,,,,,,,
,,,,,,,,,,,,,,,,,,
,,,,,,,,,,,,,,,,,,
,,,,,,,,,,,,,,,,,,
,,,,,,,,,,,,,,,,,,
,,,,,,,,,,,,,,,,,,
,,,,,,,,,,,,,,,,,,
,,,,,,,,,,,,,,,,,,
,,,,,,,,,,,,,,,,,,
,,,,,,,,,,,,,,,,,,
,,,,,,,,,,,,,,,,,,
,,,,,,,,,,,,,,,,,,
,,,,,,,,,,,,,,,,,,
,,,,,,,,,,,,,,,,,,
,,,,,,,,,,,,,,,,,,
,,,,,,,,,,,,,,,,,,
,,,,,,,,,,,,,,,,,,
,,,,,,,,,,,,,,,,,,
,,,,,,,,,,,,,,,,,,
,,,,,,,,,,,,,,,,,,
,,,,,,,,,,,,,,,,,,
,,,,,,,,,,,,,,,,,,
,,,,,,,,,,,,,,,,,,
,,,,,,,,,,,,,,,,,,
,,,,,,,,,,,,,,,,,,
,,,,,,,,,,,,,,,,,,
,,,,,,,,,,,,,,,,,,
,,,,,,,,,,,,,,,,,,
,,,,,,,,,,,,,,,,,,
,,,,,,,,,,,,,,,,,,
,,,,,,,,,,,,,,,,,,
,,,,,,,,,,,,,,,,,,
,,,,,,,,,,,,,,,,,,
,,,,,,,,,,,,,,,,,,
,,,,,,,,,,,,,,,,,,
,,,,,,,,,,,,,,,,,,
,,,,,,,,,,,,,,,,,,
,,,,,,,,,,,,,,,,,,
,,,,,,,,,,,,,,,,,,
,,,,,,,,,,,,,,,,,,
,,,,,,,,,,,,,,,,,,
,,,,,,,,,,,,,,,,,,
,,,,,,,,,,,,,,,,,,
,,,,,,,,,,,,,,,,,,
,,,,,,,,,,,,,,,,,,
,,,,,,,,,,,,,,,,,,
,,,,,,,,,,,,,,,,,,
,,,,,,,,,,,,,,,,,,
,,,,,,,,,,,,,,,,,,
,,,,,,,,,,,,,,,,,,
,,,,,,,,,,,,,,,,,,
,,,,,,,,,,,,,,,,,,
,,,,,,,,,,,,,,,,,,
,,,,,,,,,,,,,,,,,,
,,,,,,,,,,,,,,,,,,
,,,,,,,,,,,,,,,,,,
,,,,,,,,,,,,,,,,,,
,,,,,,,,,,,,,,,,,,
,,,,,,,,,,,,,,,,,,
,,,,,,,,,,,,,,,,,,
,,,,,,,,,,,,,,,,,,
,,,,,,,,,,,,,,,,,,
,,,,,,,,,,,,,,,,,,
,,,,,,,,,,,,,,,,,,
,,,,,,,,,,,,,,,,,,
,,,,,,,,,,,,,,,,,,
,,,,,,,,,,,,,,,,,,
,,,,,,,,,,,,,,,,,,
,,,,,,,,,,,,,,,,,,
,,,,,,,,,,,,,,,,,,
,,,,,,,,,,,,,,,,,,
,,,,,,,,,,,,,,,,,,
,,,,,,,,,,,,,,,,,,
,,,,,,,,,,,,,,,,,,
,,,,,,,,,,,,,,,,,,
,,,,,,,,,,,,,,,,,,
,,,,,,,,,,,,,,,,,,
,,,,,,,,,,,,,,,,,,
,,,,,,,,,,,,,,,,,,
,,,,,,,,,,,,,,,,,,
,,,,,,,,,,,,,,,,,,
,,,,,,,,,,,,,,,,,,
,,,,,,,,,,,,,,,,,,
,,,,,,,,,,,,,,,,,,
,,,,,,,,,,,,,,,,,,
,,,,,,,,,,,,,,,,,,
,,,,,,,,,,,,,,,,,,
,,,,,,,,,,,,,,,,,,
,,,,,,,,,,,,,,,,,,
,,,,,,,,,,,,,,,,,,
,,,,,,,,,,,,,,,,,,
,,,,,,,,,,,,,,,,,,
,,,,,,,,,,,,,,,,,,
,,,,,,,,,,,,,,,,,,
,,,,,,,,,,,,,,,,,,
,,,,,,,,,,,,,,,,,,
,,,,,,,,,,,,,,,,,,
,,,,,,,,,,,,,,,,,,
,,,,,,,,,,,,,,,,,,
,,,,,,,,,,,,,,,,,,
,,,,,,,,,,,,,,,,,,
,,,,,,,,,,,,,,,,,,
,,,,,,,,,,,,,,,,,,
,,,,,,,,,,,,,,,,,,
,,,,,,,,,,,,,,,,,,
,,,,,,,,,,,,,,,,,,
,,,,,,,,,,,,,,,,,,
,,,,,,,,,,,,,,,,,,
,,,,,,,,,,,,,,,,,,
,,,,,,,,,,,,,,,,,,
,,,,,,,,,,,,,,,,,,
,,,,,,,,,,,,,,,,,,
,,,,,,,,,,,,,,,,,,
,,,,,,,,,,,,,,,,,,
,,,,,,,,,,,,,,,,,,
,,,,,,,,,,,,,,,,,,
,,,,,,,,,,,,,,,,,,
,,,,,,,,,,,,,,,,,,
,,,,,,,,,,,,,,,,,,
,,,,,,,,,,,,,,,,,,
,,,,,,,,,,,,,,,,,,
,,,,,,,,,,,,,,,,,,
,,,,,,,,,,,,,,,,,,
,,,,,,,,,,,,,,,,,,
,,,,,,,,,,,,,,,,,,
,,,,,,,,,,,,,,,,,,
,,,,,,,,,,,,,,,,,,
,,,,,,,,,,,,,,,,,,
,,,,,,,,,,,,,,,,,,
,,,,,,,,,,,,,,,,,,
,,,,,,,,,,,,,,,,,,
,,,,,,,,,,,,,,,,,,
,,,,,,,,,,,,,,,,,,
,,,,,,,,,,,,,,,,,,
,,,,,,,,,,,,,,,,,,
,,,,,,,,,,,,,,,,,,
,,,,,,,,,,,,,,,,,,
,,,,,,,,,,,,,,,,,,
,,,,,,,,,,,,,,,,,,
,,,,,,,,,,,,,,,,,,
,,,,,,,,,,,,,,,,,,
,,,,,,,,,,,,,,,,,,
,,,,,,,,,,,,,,,,,,
,,,,,,,,,,,,,,,,,,
,,,,,,,,,,,,,,,,,,
,,,,,,,,,,,,,,,,,,
,,,,,,,,,,,,,,,,,,
,,,,,,,,,,,,,,,,,,
,,,,,,,,,,,,,,,,,,
,,,,,,,,,,,,,,,,,,
,,,,,,,,,,,,,,,,,,
,,,,,,,,,,,,,,,,,,
,,,,,,,,,,,,,,,,,,
,,,,,,,,,,,,,,,,,,
,,,,,,,,,,,,,,,,,,
,,,,,,,,,,,,,,,,,,
,,,,,,,,,,,,,,,,,,
,,,,,,,,,,,,,,,,,,
,,,,,,,,,,,,,,,,,,
,,,,,,,,,,,,,,,,,,
,,,,,,,,,,,,,,,,,,
,,,,,,,,,,,,,,,,,,
,,,,,,,,,,,,,,,,,,
,,,,,,,,,,,,,,,,,,
,,,,,,,,,,,,,,,,,,
,,,,,,,,,,,,,,,,,,
,,,,,,,,,,,,,,,,,,
,,,,,,,,,,,,,,,,,,
,,,,,,,,,,,,,,,,,,
,,,,,,,,,,,,,,,,,,
,,,,,,,,,,,,,,,,,,
,,,,,,,,,,,,,,,,,,
,,,,,,,,,,,,,,,,,,
,,,,,,,,,,,,,,,,,,
,,,,,,,,,,,,,,,,,,
,,,,,,,,,,,,,,,,,,
,,,,,,,,,,,,,,,,,,
,,,,,,,,,,,,,,,,,,
,,,,,,,,,,,,,,,,,,
,,,,,,,,,,,,,,,,,,
,,,,,,,,,,,,,,,,,,
,,,,,,,,,,,,,,,,,,
,,,,,,,,,,,,,,,,,,
,,,,,,,,,,,,,,,,,,
,,,,,,,,,,,,,,,,,,
,,,,,,,,,,,,,,,,,,
,,,,,,,,,,,,,,,,,,
,,,,,,,,,,,,,,,,,,
,,,,,,,,,,,,,,,,,,
,,,,,,,,,,,,,,,,,,
,,,,,,,,,,,,,,,,,,
,,,,,,,,,,,,,,,,,,
,,,,,,,,,,,,,,,,,,
,,,,,,,,,,,,,,,,,,
,,,,,,,,,,,,,,,,,,
,,,,,,,,,,,,,,,,,,
,,,,,,,,,,,,,,,,,,
,,,,,,,,,,,,,,,,,,
,,,,,,,,,,,,,,,,,,
,,,,,,,,,,,,,,,,,,
,,,,,,,,,,,,,,,,,,
,,,,,,,,,,,,,,,,,,
,,,,,,,,,,,,,,,,,,
,,,,,,,,,,,,,,,,,,
,,,,,,,,,,,,,,,,,,
,,,,,,,,,,,,,,,,,,
,,,,,,,,,,,,,,,,,,
,,,,,,,,,,,,,,,,,,
,,,,,,,,,,,,,,,,,,
,,,,,,,,,,,,,,,,,,
,,,,,,,,,,,,,,,,,,
,,,,,,,,,,,,,,,,,,
,,,,,,,,,,,,,,,,,,
,,,,,,,,,,,,,,,,,,
,,,,,,,,,,,,,,,,,,
,,,,,,,,,,,,,,,,,,
,,,,,,,,,,,,,,,,,,
,,,,,,,,,,,,,,,,,,
,,,,,,,,,,,,,,,,,,
,,,,,,,,,,,,,,,,,,
,,,,,,,,,,,,,,,,,,
,,,,,,,,,,,,,,,,,,
,,,,,,,,,,,,,,,,,,
,,,,,,,,,,,,,,,,,,
,,,,,,,,,,,,,,,,,,
,,,,,,,,,,,,,,,,,,
,,,,,,,,,,,,,,,,,,
,,,,,,,,,,,,,,,,,,
,,,,,,,,,,,,,,,,,,
,,,,,,,,,,,,,,,,,,
,,,,,,,,,,,,,,,,,,
,,,,,,,,,,,,,,,,,,
,,,,,,,,,,,,,,,,,,
,,,,,,,,,,,,,,,,,,
,,,,,,,,,,,,,,,,,,
,,,,,,,,,,,,,,,,,,
,,,,,,,,,,,,,,,,,,
,,,,,,,,,,,,,,,,,,
,,,,,,,,,,,,,,,,,,
,,,,,,,,,,,,,,,,,,
,,,,,,,,,,,,,,,,,,
,,,,,,,,,,,,,,,,,,
,,,,,,,,,,,,,,,,,,
,,,,,,,,,,,,,,,,,,
,,,,,,,,,,,,,,,,,,
,,,,,,,,,,,,,,,,,,
,,,,,,,,,,,,,,,,,,
,,,,,,,,,,,,,,,,,,
,,,,,,,,,,,,,,,,,,
,,,,,,,,,,,,,,,,,,
,,,,,,,,,,,,,,,,,,
,,,,,,,,,,,,,,,,,,
,,,,,,,,,,,,,,,,,,
,,,,,,,,,,,,,,,,,,
,,,,,,,,,,,,,,,,,,
,,,,,,,,,,,,,,,,,,
,,,,,,,,,,,,,,,,,,
,,,,,,,,,,,,,,,,,,
,,,,,,,,,,,,,,,,,,
,,,,,,,,,,,,,,,,,,
,,,,,,,,,,,,,,,,,,
,,,,,,,,,,,,,,,,,,
,,,,,,,,,,,,,,,,,,
,,,,,,,,,,,,,,,,,,
,,,,,,,,,,,,,,,,,,
,,,,,,,,,,,,,,,,,,
,,,,,,,,,,,,,,,,,,
,,,,,,,,,,,,,,,,,,
,,,,,,,,,,,,,,,,,,
,,,,,,,,,,,,,,,,,,
,,,,,,,,,,,,,,,,,,
,,,,,,,,,,,,,,,,,,
,,,,,,,,,,,,,,,,,,
,,,,,,,,,,,,,,,,,,
,,,,,,,,,,,,,,,,,,
,,,,,,,,,,,,,,,,,,
,,,,,,,,,,,,,,,,,,
,,,,,,,,,,,,,,,,,,
,,,,,,,,,,,,,,,,,,
,,,,,,,,,,,,,,,,,,
,,,,,,,,,,,,,,,,,,
,,,,,,,,,,,,,,,,,,
,,,,,,,,,,,,,,,,,,
,,,,,,,,,,,,,,,,,,
,,,,,,,,,,,,,,,,,,
,,,,,,,,,,,,,,,,,,
,,,,,,,,,,,,,,,,,,
,,,,,,,,,,,,,,,,,,
,,,,,,,,,,,,,,,,,,
,,,,,,,,,,,,,,,,,,
,,,,,,,,,,,,,,,,,,
,,,,,,,,,,,,,,,,,,
,,,,,,,,,,,,,,,,,,
,,,,,,,,,,,,,,,,,,
,,,,,,,,,,,,,,,,,,
,,,,,,,,,,,,,,,,,,
,,,,,,,,,,,,,,,,,,
,,,,,,,,,,,,,,,,,,
,,,,,,,,,,,,,,,,,,
,,,,,,,,,,,,,,,,,,
,,,,,,,,,,,,,,,,,,
,,,,,,,,,,,,,,,,,,
,,,,,,,,,,,,,,,,,,
,,,,,,,,,,,,,,,,,,
,,,,,,,,,,,,,,,,,,
,,,,,,,,,,,,,,,,,,
,,,,,,,,,,,,,,,,,,
,,,,,,,,,,,,,,,,,,
,,,,,,,,,,,,,,,,,,
,,,,,,,,,,,,,,,,,,
,,,,,,,,,,,,,,,,,,
,,,,,,,,,,,,,,,,,,
,,,,,,,,,,,,,,,,,,
,,,,,,,,,,,,,,,,,,
,,,,,,,,,,,,,,,,,,
,,,,,,,,,,,,,,,,,,
,,,,,,,,,,,,,,,,,,
,,,,,,,,,,,,,,,,,,
,,,,,,,,,,,,,,,,,,
,,,,,,,,,,,,,,,,,,
,,,,,,,,,,,,,,,,,,
,,,,,,,,,,,,,,,,,,
,,,,,,,,,,,,,,,,,,
,,,,,,,,,,,,,,,,,,
,,,,,,,,,,,,,,,,,,
,,,,,,,,,,,,,,,,,,
,,,,,,,,,,,,,,,,,,
,,,,,,,,,,,,,,,,,,
,,,,,,,,,,,,,,,,,,
,,,,,,,,,,,,,,,,,,
,,,,,,,,,,,,,,,,,,
,,,,,,,,,,,,,,,,,,
,,,,,,,,,,,,,,,,,,
,,,,,,,,,,,,,,,,,,